<?xml version="1.0" encoding="UTF-8" ?>
<!DOCTYPE mapper PUBLIC "-//mybatis.org//DTD Mapper 3.0//EN"
"http://mybatis.org/dtd/mybatis-3-mapper.dtd">
<mapper namespace="cn.com.fml.mvc.dao.intf.DevelopersNewsDao">

	<resultMap id="newsInfo" type="java.util.Map">
        <id property="id" column="ID" />
        <result property="title" column="TITLE" />
        <result property="releaseTime" column="RELEASE_TIME" />
        <result property="content" column="CONTENT" />
    </resultMap>
	
	<select id="queryNewsList" resultMap="newsInfo" >
		SELECT d.id,d.title,d.release_time,d.content
		from TB_DEVELOPERS_NEWS d where d.DELETE_FLAG='0' and TB_BUILDING_ID=#{buildingId}
		ORDER BY release_time DESC
	</select>
	
</mapper>

















