<?xml version="1.0" encoding="UTF-8" ?>
<!DOCTYPE mapper PUBLIC "-//mybatis.org//DTD Mapper 3.0//EN"
"http://mybatis.org/dtd/mybatis-3-mapper.dtd">
<mapper namespace="cn.com.fml.mvc.dao.intf.HouseTypeDao">

	<resultMap id="houseTypeInfo" type="java.util.Map">
        <id property="id" column="ID" />
        <result property="name" column="NAME" />
        <result property="imageUrl" column="IMAGE_URL" />
        <result property="desc" column="DESCP" />
        <result property="bedrooms" column="BEDROOMS" />
        <result property="square" column="SQUARE" />

    </resultMap>

	<resultMap id="mainHouseTypeInfo" type="java.util.Map">
		<id property="id" column="ID" />
		
        <result property="rooms" column="BEDROOMS" />
        <result property="livingRooms" column="LIVING_ROOMS" />
        <result property="toilets" column="TOILETS" />
        <result property="square" column="SQUARE" />
        <result property="isSalingFlag" column="IS_SALING_FLAG" />
        <result property="desc" column="DESCP" />
     
		<result property="totalPrice" column="TOTAL_PRICE" />
	</resultMap>
	<resultMap id="HouseTypeManagerList" type="java.util.Map">
		<id property="id" column="ID" />
		<result property="houseBanName" column="HOUSE_BAN_NAME" />
        <result property="buildingName" column="BUILDING_NAME" />
		<result property="name" column="NAME" />
        <result property="imageUrl" column="IMAGE_URL" />
		<result property="name" column="NAME" />
        <result property="imageUrl" column="IMAGE_URL" />
        <result property="rooms" column="BEDROOMS" />
        <result property="livingRooms" column="LIVING_ROOMS" />
        <result property="toilets" column="TOILETS" />
        <result property="square" column="SQUARE" />
        <result property="isSalingFlag" column="IS_SALING_FLAG" />
        <result property="descp" column="DESCP" />
         <result property="unitPrice" column="UNIT_PRICE" />
         <result property="isMainFlag" column="IS_MAIN_FLAG" />
		<result property="totalPrice" column="TOTAL_PRICE" />
	</resultMap>
	<select id="queryHouseTypeList" resultMap="houseTypeInfo" >
		SELECT ID,NAME,IMAGE_URL,DESCP,BEDROOMS,SQUARE FROM TB_HOUSE_TYPE
		WHERE DELETE_FLAG='0' AND TB_BUILDING_ID=#{buildingId} 
		ORDER BY UPDATE_TIME DESC
	</select>
	
	<!--主力户型接口-->  
	<select id="mainHouseTypeList" resultMap="mainHouseTypeInfo" >
		SELECT a.ID,a.NAME,a.IMAGE_URL,DESCP,a.LIVING_ROOMS,a.BEDROOMS,a.TOTAL_PRICE,a.TOILETS,a.SQUARE,a.IS_SALING_FLAG FROM TB_HOUSE_TYPE
		a WHERE a.DELETE_FLAG='0' AND a.TB_BUILDING_ID=#{buildingId}
		ORDER BY a.UPDATE_TIME DESC
	</select>
	<!-- 取得户型管理列表 -->
<select id="getHouseTypeManagerList" resultMap="HouseTypeManagerList" parameterType="java.util.Map">
		SELECT b.name as BUILDING_NAME ,c.name as HOUSE_BAN_NAME,a.ID,a.NAME,a.DESCP,LIVING_ROOMS,a.BEDROOMS,a.UNIT_PRICE,a.TOTAL_PRICE,a.TOILETS,a.SQUARE,a.IS_SALING_FLAG FROM TB_HOUSE_TYPE
		a join tb_building b on a.TB_BUILDING_ID= b.id left join tb_house_ban c on a.TB_HOUSE_BAN_ID=c.id
		 WHERE a.DELETE_FLAG='0' 
		
			<if test="name != null">and name LIKE '%${name}%'</if>
		<if test="id != null">and id = #{id}</if>
		LIMIT #{startIndex},#{pageSize}
	</select>
	
	<!-- 取得户型管理列表数目 -->
	<select id="getHouseTypeManagerListCount" resultType="Long" parameterType="java.util.Map" >
		SELECT count(*) from TB_HOUSE_TYPE
		where DELETE_FLAG='0' 
	</select>
 <!-- 添加户型 -->
      <insert id="addHouseType" parameterType="cn.com.fml.mvc.dmo.TbHouseType">
      insert into tb_house_type(DELETE_FLAG,TB_BUILDING_ID,TB_HOUSE_BAN_ID,NAME,DESCP,LIVING_ROOMS,BEDROOMS,
      TOILETS,SQUARE,UNIT_PRICE,TOTAL_PRICE,IS_SALING_FLAG)values('0',#{buildingId},#{houseBanId},#{name},#{desc},
      #{livingRooms},#{bedrooms}, #{toilets}, #{square},#{unitPrice},#{totalPrice},
#{isSalingFlag})
      </insert>
	<!-- 删除户型-->
	<update id="deleteHouseType" parameterType="Long">
	update tb_house_type set DELETE_FLAG='1' where id=#{houseTypeId}
	</update>
	<!-- 搜索需要修改的户型  -->	
<select id="getHouseTypeToUpdate" resultType="TbHouseType" parameterType="java.lang.Long">
	SELECT b.id as buildingId,c.id as houseBanId,b.name as BUILDING_NAME ,c.name as HOUSE_BAN_NAME,a.ID,a.NAME,a.DESCP,LIVING_ROOMS,a.BEDROOMS,a.UNIT_PRICE,a.TOTAL_PRICE,a.TOILETS,a.SQUARE,a.IS_SALING_FLAG FROM TB_HOUSE_TYPE
		a join tb_building b on a.TB_BUILDING_ID= b.id left join tb_house_ban c on a.TB_HOUSE_BAN_ID=c.id
		 WHERE a.DELETE_FLAG='0'and a.id=#{id}
	</select>
	<!-- 修改户型-->
	<update id="updateHouseType" parameterType="cn.com.fml.mvc.dmo.TbHouseType">
	update tb_house_type set name=#{name},LIVING_ROOMS=#{livingRooms},BEDROOMS=#{bedrooms},TOILETS=#{toilets},SQUARE=#{square},
UNIT_PRICE=#{unitPrice},TOTAL_PRICE=#{totalPrice},IS_SALING_FLAG=#{isSalingFlag},DESCP=#{descp}
	where id=#{id}
	</update>
	
</mapper>












